[
  {
    "model": "pages.indexpage",
    "pk": 3,
    "fields": { "body": "<p data-block-key=\"s89cz\">Index</p>" }
  },
  {
    "model": "pages.blogpage",
    "pk": 4,
    "fields": {
      "main_image": 1,
      "text": "[{\"type\": \"heading\", \"value\": \"Toto je test\", \"id\": \"3957c30c-9e17-4663-85c0-1cd05933855f\"}, {\"type\": \"paragraph\", \"value\": \"<p data-block-key=\\\"qv144\\\">Paragraf</p>\", \"id\": \"c0af5bac-1d40-489b-b83d-623f88d9b697\"}, {\"type\": \"image\", \"value\": 1, \"id\": \"09153e01-85e0-4e52-ab55-764b23e69f0d\"}]"
    }
  },
  {
    "model": "auth.permission",
    "pk": 1,
    "fields": {
      "name": "Can access Wagtail admin",
      "content_type": 3,
      "codename": "access_admin"
    }
  },
  {
    "model": "auth.permission",
    "pk": 2,
    "fields": {
      "name": "Can add document",
      "content_type": 4,
      "codename": "add_document"
    }
  },
  {
    "model": "auth.permission",
    "pk": 3,
    "fields": {
      "name": "Can change document",
      "content_type": 4,
      "codename": "change_document"
    }
  },
  {
    "model": "auth.permission",
    "pk": 4,
    "fields": {
      "name": "Can delete document",
      "content_type": 4,
      "codename": "delete_document"
    }
  },
  {
    "model": "auth.permission",
    "pk": 5,
    "fields": {
      "name": "Can choose document",
      "content_type": 4,
      "codename": "choose_document"
    }
  },
  {
    "model": "auth.permission",
    "pk": 6,
    "fields": {
      "name": "Can add image",
      "content_type": 5,
      "codename": "add_image"
    }
  },
  {
    "model": "auth.permission",
    "pk": 7,
    "fields": {
      "name": "Can change image",
      "content_type": 5,
      "codename": "change_image"
    }
  },
  {
    "model": "auth.permission",
    "pk": 8,
    "fields": {
      "name": "Can delete image",
      "content_type": 5,
      "codename": "delete_image"
    }
  },
  {
    "model": "auth.permission",
    "pk": 9,
    "fields": {
      "name": "Can choose image",
      "content_type": 5,
      "codename": "choose_image"
    }
  },
  {
    "model": "auth.permission",
    "pk": 10,
    "fields": {
      "name": "Can add log entry",
      "content_type": 6,
      "codename": "add_logentry"
    }
  },
  {
    "model": "auth.permission",
    "pk": 11,
    "fields": {
      "name": "Can change log entry",
      "content_type": 6,
      "codename": "change_logentry"
    }
  },
  {
    "model": "auth.permission",
    "pk": 12,
    "fields": {
      "name": "Can delete log entry",
      "content_type": 6,
      "codename": "delete_logentry"
    }
  },
  {
    "model": "auth.permission",
    "pk": 13,
    "fields": {
      "name": "Can view log entry",
      "content_type": 6,
      "codename": "view_logentry"
    }
  },
  {
    "model": "auth.permission",
    "pk": 14,
    "fields": {
      "name": "Can add permission",
      "content_type": 7,
      "codename": "add_permission"
    }
  },
  {
    "model": "auth.permission",
    "pk": 15,
    "fields": {
      "name": "Can change permission",
      "content_type": 7,
      "codename": "change_permission"
    }
  },
  {
    "model": "auth.permission",
    "pk": 16,
    "fields": {
      "name": "Can delete permission",
      "content_type": 7,
      "codename": "delete_permission"
    }
  },
  {
    "model": "auth.permission",
    "pk": 17,
    "fields": {
      "name": "Can view permission",
      "content_type": 7,
      "codename": "view_permission"
    }
  },
  {
    "model": "auth.permission",
    "pk": 18,
    "fields": {
      "name": "Can add group",
      "content_type": 8,
      "codename": "add_group"
    }
  },
  {
    "model": "auth.permission",
    "pk": 19,
    "fields": {
      "name": "Can change group",
      "content_type": 8,
      "codename": "change_group"
    }
  },
  {
    "model": "auth.permission",
    "pk": 20,
    "fields": {
      "name": "Can delete group",
      "content_type": 8,
      "codename": "delete_group"
    }
  },
  {
    "model": "auth.permission",
    "pk": 21,
    "fields": {
      "name": "Can view group",
      "content_type": 8,
      "codename": "view_group"
    }
  },
  {
    "model": "auth.permission",
    "pk": 22,
    "fields": {
      "name": "Can add user",
      "content_type": 9,
      "codename": "add_user"
    }
  },
  {
    "model": "auth.permission",
    "pk": 23,
    "fields": {
      "name": "Can change user",
      "content_type": 9,
      "codename": "change_user"
    }
  },
  {
    "model": "auth.permission",
    "pk": 24,
    "fields": {
      "name": "Can delete user",
      "content_type": 9,
      "codename": "delete_user"
    }
  },
  {
    "model": "auth.permission",
    "pk": 25,
    "fields": {
      "name": "Can view user",
      "content_type": 9,
      "codename": "view_user"
    }
  },
  {
    "model": "auth.permission",
    "pk": 26,
    "fields": {
      "name": "Can add content type",
      "content_type": 10,
      "codename": "add_contenttype"
    }
  },
  {
    "model": "auth.permission",
    "pk": 27,
    "fields": {
      "name": "Can change content type",
      "content_type": 10,
      "codename": "change_contenttype"
    }
  },
  {
    "model": "auth.permission",
    "pk": 28,
    "fields": {
      "name": "Can delete content type",
      "content_type": 10,
      "codename": "delete_contenttype"
    }
  },
  {
    "model": "auth.permission",
    "pk": 29,
    "fields": {
      "name": "Can view content type",
      "content_type": 10,
      "codename": "view_contenttype"
    }
  },
  {
    "model": "auth.permission",
    "pk": 30,
    "fields": {
      "name": "Can add session",
      "content_type": 11,
      "codename": "add_session"
    }
  },
  {
    "model": "auth.permission",
    "pk": 31,
    "fields": {
      "name": "Can change session",
      "content_type": 11,
      "codename": "change_session"
    }
  },
  {
    "model": "auth.permission",
    "pk": 32,
    "fields": {
      "name": "Can delete session",
      "content_type": 11,
      "codename": "delete_session"
    }
  },
  {
    "model": "auth.permission",
    "pk": 33,
    "fields": {
      "name": "Can view session",
      "content_type": 11,
      "codename": "view_session"
    }
  },
  {
    "model": "auth.permission",
    "pk": 34,
    "fields": {
      "name": "Can add question",
      "content_type": 12,
      "codename": "add_question"
    }
  },
  {
    "model": "auth.permission",
    "pk": 35,
    "fields": {
      "name": "Can change question",
      "content_type": 12,
      "codename": "change_question"
    }
  },
  {
    "model": "auth.permission",
    "pk": 36,
    "fields": {
      "name": "Can delete question",
      "content_type": 12,
      "codename": "delete_question"
    }
  },
  {
    "model": "auth.permission",
    "pk": 37,
    "fields": {
      "name": "Can view question",
      "content_type": 12,
      "codename": "view_question"
    }
  },
  {
    "model": "auth.permission",
    "pk": 38,
    "fields": {
      "name": "Can add choice",
      "content_type": 13,
      "codename": "add_choice"
    }
  },
  {
    "model": "auth.permission",
    "pk": 39,
    "fields": {
      "name": "Can change choice",
      "content_type": 13,
      "codename": "change_choice"
    }
  },
  {
    "model": "auth.permission",
    "pk": 40,
    "fields": {
      "name": "Can delete choice",
      "content_type": 13,
      "codename": "delete_choice"
    }
  },
  {
    "model": "auth.permission",
    "pk": 41,
    "fields": {
      "name": "Can view choice",
      "content_type": 13,
      "codename": "view_choice"
    }
  },
  {
    "model": "auth.permission",
    "pk": 42,
    "fields": {
      "name": "Can add form submission",
      "content_type": 14,
      "codename": "add_formsubmission"
    }
  },
  {
    "model": "auth.permission",
    "pk": 43,
    "fields": {
      "name": "Can change form submission",
      "content_type": 14,
      "codename": "change_formsubmission"
    }
  },
  {
    "model": "auth.permission",
    "pk": 44,
    "fields": {
      "name": "Can delete form submission",
      "content_type": 14,
      "codename": "delete_formsubmission"
    }
  },
  {
    "model": "auth.permission",
    "pk": 45,
    "fields": {
      "name": "Can view form submission",
      "content_type": 14,
      "codename": "view_formsubmission"
    }
  },
  {
    "model": "auth.permission",
    "pk": 46,
    "fields": {
      "name": "Can add redirect",
      "content_type": 15,
      "codename": "add_redirect"
    }
  },
  {
    "model": "auth.permission",
    "pk": 47,
    "fields": {
      "name": "Can change redirect",
      "content_type": 15,
      "codename": "change_redirect"
    }
  },
  {
    "model": "auth.permission",
    "pk": 48,
    "fields": {
      "name": "Can delete redirect",
      "content_type": 15,
      "codename": "delete_redirect"
    }
  },
  {
    "model": "auth.permission",
    "pk": 49,
    "fields": {
      "name": "Can view redirect",
      "content_type": 15,
      "codename": "view_redirect"
    }
  },
  {
    "model": "auth.permission",
    "pk": 50,
    "fields": {
      "name": "Can add embed",
      "content_type": 16,
      "codename": "add_embed"
    }
  },
  {
    "model": "auth.permission",
    "pk": 51,
    "fields": {
      "name": "Can change embed",
      "content_type": 16,
      "codename": "change_embed"
    }
  },
  {
    "model": "auth.permission",
    "pk": 52,
    "fields": {
      "name": "Can delete embed",
      "content_type": 16,
      "codename": "delete_embed"
    }
  },
  {
    "model": "auth.permission",
    "pk": 53,
    "fields": {
      "name": "Can view embed",
      "content_type": 16,
      "codename": "view_embed"
    }
  },
  {
    "model": "auth.permission",
    "pk": 54,
    "fields": {
      "name": "Can add user profile",
      "content_type": 17,
      "codename": "add_userprofile"
    }
  },
  {
    "model": "auth.permission",
    "pk": 55,
    "fields": {
      "name": "Can change user profile",
      "content_type": 17,
      "codename": "change_userprofile"
    }
  },
  {
    "model": "auth.permission",
    "pk": 56,
    "fields": {
      "name": "Can delete user profile",
      "content_type": 17,
      "codename": "delete_userprofile"
    }
  },
  {
    "model": "auth.permission",
    "pk": 57,
    "fields": {
      "name": "Can view user profile",
      "content_type": 17,
      "codename": "view_userprofile"
    }
  },
  {
    "model": "auth.permission",
    "pk": 58,
    "fields": {
      "name": "Can view document",
      "content_type": 4,
      "codename": "view_document"
    }
  },
  {
    "model": "auth.permission",
    "pk": 59,
    "fields": {
      "name": "Can add uploaded document",
      "content_type": 18,
      "codename": "add_uploadeddocument"
    }
  },
  {
    "model": "auth.permission",
    "pk": 60,
    "fields": {
      "name": "Can change uploaded document",
      "content_type": 18,
      "codename": "change_uploadeddocument"
    }
  },
  {
    "model": "auth.permission",
    "pk": 61,
    "fields": {
      "name": "Can delete uploaded document",
      "content_type": 18,
      "codename": "delete_uploadeddocument"
    }
  },
  {
    "model": "auth.permission",
    "pk": 62,
    "fields": {
      "name": "Can view uploaded document",
      "content_type": 18,
      "codename": "view_uploadeddocument"
    }
  },
  {
    "model": "auth.permission",
    "pk": 63,
    "fields": {
      "name": "Can view image",
      "content_type": 5,
      "codename": "view_image"
    }
  },
  {
    "model": "auth.permission",
    "pk": 64,
    "fields": {
      "name": "Can add rendition",
      "content_type": 19,
      "codename": "add_rendition"
    }
  },
  {
    "model": "auth.permission",
    "pk": 65,
    "fields": {
      "name": "Can change rendition",
      "content_type": 19,
      "codename": "change_rendition"
    }
  },
  {
    "model": "auth.permission",
    "pk": 66,
    "fields": {
      "name": "Can delete rendition",
      "content_type": 19,
      "codename": "delete_rendition"
    }
  },
  {
    "model": "auth.permission",
    "pk": 67,
    "fields": {
      "name": "Can view rendition",
      "content_type": 19,
      "codename": "view_rendition"
    }
  },
  {
    "model": "auth.permission",
    "pk": 68,
    "fields": {
      "name": "Can add uploaded image",
      "content_type": 20,
      "codename": "add_uploadedimage"
    }
  },
  {
    "model": "auth.permission",
    "pk": 69,
    "fields": {
      "name": "Can change uploaded image",
      "content_type": 20,
      "codename": "change_uploadedimage"
    }
  },
  {
    "model": "auth.permission",
    "pk": 70,
    "fields": {
      "name": "Can delete uploaded image",
      "content_type": 20,
      "codename": "delete_uploadedimage"
    }
  },
  {
    "model": "auth.permission",
    "pk": 71,
    "fields": {
      "name": "Can view uploaded image",
      "content_type": 20,
      "codename": "view_uploadedimage"
    }
  },
  {
    "model": "auth.permission",
    "pk": 72,
    "fields": {
      "name": "Can add query",
      "content_type": 21,
      "codename": "add_query"
    }
  },
  {
    "model": "auth.permission",
    "pk": 73,
    "fields": {
      "name": "Can change query",
      "content_type": 21,
      "codename": "change_query"
    }
  },
  {
    "model": "auth.permission",
    "pk": 74,
    "fields": {
      "name": "Can delete query",
      "content_type": 21,
      "codename": "delete_query"
    }
  },
  {
    "model": "auth.permission",
    "pk": 75,
    "fields": {
      "name": "Can view query",
      "content_type": 21,
      "codename": "view_query"
    }
  },
  {
    "model": "auth.permission",
    "pk": 76,
    "fields": {
      "name": "Can add Query Daily Hits",
      "content_type": 22,
      "codename": "add_querydailyhits"
    }
  },
  {
    "model": "auth.permission",
    "pk": 77,
    "fields": {
      "name": "Can change Query Daily Hits",
      "content_type": 22,
      "codename": "change_querydailyhits"
    }
  },
  {
    "model": "auth.permission",
    "pk": 78,
    "fields": {
      "name": "Can delete Query Daily Hits",
      "content_type": 22,
      "codename": "delete_querydailyhits"
    }
  },
  {
    "model": "auth.permission",
    "pk": 79,
    "fields": {
      "name": "Can view Query Daily Hits",
      "content_type": 22,
      "codename": "view_querydailyhits"
    }
  },
  {
    "model": "auth.permission",
    "pk": 80,
    "fields": {
      "name": "Can add index entry",
      "content_type": 23,
      "codename": "add_indexentry"
    }
  },
  {
    "model": "auth.permission",
    "pk": 81,
    "fields": {
      "name": "Can change index entry",
      "content_type": 23,
      "codename": "change_indexentry"
    }
  },
  {
    "model": "auth.permission",
    "pk": 82,
    "fields": {
      "name": "Can delete index entry",
      "content_type": 23,
      "codename": "delete_indexentry"
    }
  },
  {
    "model": "auth.permission",
    "pk": 83,
    "fields": {
      "name": "Can view index entry",
      "content_type": 23,
      "codename": "view_indexentry"
    }
  },
  {
    "model": "auth.permission",
    "pk": 84,
    "fields": {
      "name": "Can add sqliteftsindexentry",
      "content_type": 24,
      "codename": "add_sqliteftsindexentry"
    }
  },
  {
    "model": "auth.permission",
    "pk": 85,
    "fields": {
      "name": "Can change sqliteftsindexentry",
      "content_type": 24,
      "codename": "change_sqliteftsindexentry"
    }
  },
  {
    "model": "auth.permission",
    "pk": 86,
    "fields": {
      "name": "Can delete sqliteftsindexentry",
      "content_type": 24,
      "codename": "delete_sqliteftsindexentry"
    }
  },
  {
    "model": "auth.permission",
    "pk": 87,
    "fields": {
      "name": "Can view sqliteftsindexentry",
      "content_type": 24,
      "codename": "view_sqliteftsindexentry"
    }
  },
  {
    "model": "auth.permission",
    "pk": 88,
    "fields": {
      "name": "Can add page",
      "content_type": 1,
      "codename": "add_page"
    }
  },
  {
    "model": "auth.permission",
    "pk": 89,
    "fields": {
      "name": "Can change page",
      "content_type": 1,
      "codename": "change_page"
    }
  },
  {
    "model": "auth.permission",
    "pk": 90,
    "fields": {
      "name": "Can delete page",
      "content_type": 1,
      "codename": "delete_page"
    }
  },
  {
    "model": "auth.permission",
    "pk": 91,
    "fields": {
      "name": "Can view page",
      "content_type": 1,
      "codename": "view_page"
    }
  },
  {
    "model": "auth.permission",
    "pk": 92,
    "fields": {
      "name": "Can add group page permission",
      "content_type": 25,
      "codename": "add_grouppagepermission"
    }
  },
  {
    "model": "auth.permission",
    "pk": 93,
    "fields": {
      "name": "Can change group page permission",
      "content_type": 25,
      "codename": "change_grouppagepermission"
    }
  },
  {
    "model": "auth.permission",
    "pk": 94,
    "fields": {
      "name": "Can delete group page permission",
      "content_type": 25,
      "codename": "delete_grouppagepermission"
    }
  },
  {
    "model": "auth.permission",
    "pk": 95,
    "fields": {
      "name": "Can view group page permission",
      "content_type": 25,
      "codename": "view_grouppagepermission"
    }
  },
  {
    "model": "auth.permission",
    "pk": 96,
    "fields": {
      "name": "Can add page revision",
      "content_type": 26,
      "codename": "add_pagerevision"
    }
  },
  {
    "model": "auth.permission",
    "pk": 97,
    "fields": {
      "name": "Can change page revision",
      "content_type": 26,
      "codename": "change_pagerevision"
    }
  },
  {
    "model": "auth.permission",
    "pk": 98,
    "fields": {
      "name": "Can delete page revision",
      "content_type": 26,
      "codename": "delete_pagerevision"
    }
  },
  {
    "model": "auth.permission",
    "pk": 99,
    "fields": {
      "name": "Can view page revision",
      "content_type": 26,
      "codename": "view_pagerevision"
    }
  },
  {
    "model": "auth.permission",
    "pk": 100,
    "fields": {
      "name": "Can add page view restriction",
      "content_type": 27,
      "codename": "add_pageviewrestriction"
    }
  },
  {
    "model": "auth.permission",
    "pk": 101,
    "fields": {
      "name": "Can change page view restriction",
      "content_type": 27,
      "codename": "change_pageviewrestriction"
    }
  },
  {
    "model": "auth.permission",
    "pk": 102,
    "fields": {
      "name": "Can delete page view restriction",
      "content_type": 27,
      "codename": "delete_pageviewrestriction"
    }
  },
  {
    "model": "auth.permission",
    "pk": 103,
    "fields": {
      "name": "Can view page view restriction",
      "content_type": 27,
      "codename": "view_pageviewrestriction"
    }
  },
  {
    "model": "auth.permission",
    "pk": 104,
    "fields": {
      "name": "Can add site",
      "content_type": 28,
      "codename": "add_site"
    }
  },
  {
    "model": "auth.permission",
    "pk": 105,
    "fields": {
      "name": "Can change site",
      "content_type": 28,
      "codename": "change_site"
    }
  },
  {
    "model": "auth.permission",
    "pk": 106,
    "fields": {
      "name": "Can delete site",
      "content_type": 28,
      "codename": "delete_site"
    }
  },
  {
    "model": "auth.permission",
    "pk": 107,
    "fields": {
      "name": "Can view site",
      "content_type": 28,
      "codename": "view_site"
    }
  },
  {
    "model": "auth.permission",
    "pk": 108,
    "fields": {
      "name": "Can add collection",
      "content_type": 29,
      "codename": "add_collection"
    }
  },
  {
    "model": "auth.permission",
    "pk": 109,
    "fields": {
      "name": "Can change collection",
      "content_type": 29,
      "codename": "change_collection"
    }
  },
  {
    "model": "auth.permission",
    "pk": 110,
    "fields": {
      "name": "Can delete collection",
      "content_type": 29,
      "codename": "delete_collection"
    }
  },
  {
    "model": "auth.permission",
    "pk": 111,
    "fields": {
      "name": "Can view collection",
      "content_type": 29,
      "codename": "view_collection"
    }
  },
  {
    "model": "auth.permission",
    "pk": 112,
    "fields": {
      "name": "Can add group collection permission",
      "content_type": 30,
      "codename": "add_groupcollectionpermission"
    }
  },
  {
    "model": "auth.permission",
    "pk": 113,
    "fields": {
      "name": "Can change group collection permission",
      "content_type": 30,
      "codename": "change_groupcollectionpermission"
    }
  },
  {
    "model": "auth.permission",
    "pk": 114,
    "fields": {
      "name": "Can delete group collection permission",
      "content_type": 30,
      "codename": "delete_groupcollectionpermission"
    }
  },
  {
    "model": "auth.permission",
    "pk": 115,
    "fields": {
      "name": "Can view group collection permission",
      "content_type": 30,
      "codename": "view_groupcollectionpermission"
    }
  },
  {
    "model": "auth.permission",
    "pk": 116,
    "fields": {
      "name": "Can add collection view restriction",
      "content_type": 31,
      "codename": "add_collectionviewrestriction"
    }
  },
  {
    "model": "auth.permission",
    "pk": 117,
    "fields": {
      "name": "Can change collection view restriction",
      "content_type": 31,
      "codename": "change_collectionviewrestriction"
    }
  },
  {
    "model": "auth.permission",
    "pk": 118,
    "fields": {
      "name": "Can delete collection view restriction",
      "content_type": 31,
      "codename": "delete_collectionviewrestriction"
    }
  },
  {
    "model": "auth.permission",
    "pk": 119,
    "fields": {
      "name": "Can view collection view restriction",
      "content_type": 31,
      "codename": "view_collectionviewrestriction"
    }
  },
  {
    "model": "auth.permission",
    "pk": 120,
    "fields": {
      "name": "Can add task",
      "content_type": 32,
      "codename": "add_task"
    }
  },
  {
    "model": "auth.permission",
    "pk": 121,
    "fields": {
      "name": "Can change task",
      "content_type": 32,
      "codename": "change_task"
    }
  },
  {
    "model": "auth.permission",
    "pk": 122,
    "fields": {
      "name": "Can delete task",
      "content_type": 32,
      "codename": "delete_task"
    }
  },
  {
    "model": "auth.permission",
    "pk": 123,
    "fields": {
      "name": "Can view task",
      "content_type": 32,
      "codename": "view_task"
    }
  },
  {
    "model": "auth.permission",
    "pk": 124,
    "fields": {
      "name": "Can add Task state",
      "content_type": 33,
      "codename": "add_taskstate"
    }
  },
  {
    "model": "auth.permission",
    "pk": 125,
    "fields": {
      "name": "Can change Task state",
      "content_type": 33,
      "codename": "change_taskstate"
    }
  },
  {
    "model": "auth.permission",
    "pk": 126,
    "fields": {
      "name": "Can delete Task state",
      "content_type": 33,
      "codename": "delete_taskstate"
    }
  },
  {
    "model": "auth.permission",
    "pk": 127,
    "fields": {
      "name": "Can view Task state",
      "content_type": 33,
      "codename": "view_taskstate"
    }
  },
  {
    "model": "auth.permission",
    "pk": 128,
    "fields": {
      "name": "Can add workflow",
      "content_type": 34,
      "codename": "add_workflow"
    }
  },
  {
    "model": "auth.permission",
    "pk": 129,
    "fields": {
      "name": "Can change workflow",
      "content_type": 34,
      "codename": "change_workflow"
    }
  },
  {
    "model": "auth.permission",
    "pk": 130,
    "fields": {
      "name": "Can delete workflow",
      "content_type": 34,
      "codename": "delete_workflow"
    }
  },
  {
    "model": "auth.permission",
    "pk": 131,
    "fields": {
      "name": "Can view workflow",
      "content_type": 34,
      "codename": "view_workflow"
    }
  },
  {
    "model": "auth.permission",
    "pk": 132,
    "fields": {
      "name": "Can add Group approval task",
      "content_type": 2,
      "codename": "add_groupapprovaltask"
    }
  },
  {
    "model": "auth.permission",
    "pk": 133,
    "fields": {
      "name": "Can change Group approval task",
      "content_type": 2,
      "codename": "change_groupapprovaltask"
    }
  },
  {
    "model": "auth.permission",
    "pk": 134,
    "fields": {
      "name": "Can delete Group approval task",
      "content_type": 2,
      "codename": "delete_groupapprovaltask"
    }
  },
  {
    "model": "auth.permission",
    "pk": 135,
    "fields": {
      "name": "Can view Group approval task",
      "content_type": 2,
      "codename": "view_groupapprovaltask"
    }
  },
  {
    "model": "auth.permission",
    "pk": 136,
    "fields": {
      "name": "Can add Workflow state",
      "content_type": 35,
      "codename": "add_workflowstate"
    }
  },
  {
    "model": "auth.permission",
    "pk": 137,
    "fields": {
      "name": "Can change Workflow state",
      "content_type": 35,
      "codename": "change_workflowstate"
    }
  },
  {
    "model": "auth.permission",
    "pk": 138,
    "fields": {
      "name": "Can delete Workflow state",
      "content_type": 35,
      "codename": "delete_workflowstate"
    }
  },
  {
    "model": "auth.permission",
    "pk": 139,
    "fields": {
      "name": "Can view Workflow state",
      "content_type": 35,
      "codename": "view_workflowstate"
    }
  },
  {
    "model": "auth.permission",
    "pk": 140,
    "fields": {
      "name": "Can add workflow page",
      "content_type": 36,
      "codename": "add_workflowpage"
    }
  },
  {
    "model": "auth.permission",
    "pk": 141,
    "fields": {
      "name": "Can change workflow page",
      "content_type": 36,
      "codename": "change_workflowpage"
    }
  },
  {
    "model": "auth.permission",
    "pk": 142,
    "fields": {
      "name": "Can delete workflow page",
      "content_type": 36,
      "codename": "delete_workflowpage"
    }
  },
  {
    "model": "auth.permission",
    "pk": 143,
    "fields": {
      "name": "Can view workflow page",
      "content_type": 36,
      "codename": "view_workflowpage"
    }
  },
  {
    "model": "auth.permission",
    "pk": 144,
    "fields": {
      "name": "Can add workflow task order",
      "content_type": 37,
      "codename": "add_workflowtask"
    }
  },
  {
    "model": "auth.permission",
    "pk": 145,
    "fields": {
      "name": "Can change workflow task order",
      "content_type": 37,
      "codename": "change_workflowtask"
    }
  },
  {
    "model": "auth.permission",
    "pk": 146,
    "fields": {
      "name": "Can delete workflow task order",
      "content_type": 37,
      "codename": "delete_workflowtask"
    }
  },
  {
    "model": "auth.permission",
    "pk": 147,
    "fields": {
      "name": "Can view workflow task order",
      "content_type": 37,
      "codename": "view_workflowtask"
    }
  },
  {
    "model": "auth.permission",
    "pk": 148,
    "fields": {
      "name": "Can add page log entry",
      "content_type": 38,
      "codename": "add_pagelogentry"
    }
  },
  {
    "model": "auth.permission",
    "pk": 149,
    "fields": {
      "name": "Can change page log entry",
      "content_type": 38,
      "codename": "change_pagelogentry"
    }
  },
  {
    "model": "auth.permission",
    "pk": 150,
    "fields": {
      "name": "Can delete page log entry",
      "content_type": 38,
      "codename": "delete_pagelogentry"
    }
  },
  {
    "model": "auth.permission",
    "pk": 151,
    "fields": {
      "name": "Can view page log entry",
      "content_type": 38,
      "codename": "view_pagelogentry"
    }
  },
  {
    "model": "auth.permission",
    "pk": 152,
    "fields": {
      "name": "Can add locale",
      "content_type": 39,
      "codename": "add_locale"
    }
  },
  {
    "model": "auth.permission",
    "pk": 153,
    "fields": {
      "name": "Can change locale",
      "content_type": 39,
      "codename": "change_locale"
    }
  },
  {
    "model": "auth.permission",
    "pk": 154,
    "fields": {
      "name": "Can delete locale",
      "content_type": 39,
      "codename": "delete_locale"
    }
  },
  {
    "model": "auth.permission",
    "pk": 155,
    "fields": {
      "name": "Can view locale",
      "content_type": 39,
      "codename": "view_locale"
    }
  },
  {
    "model": "auth.permission",
    "pk": 156,
    "fields": {
      "name": "Can add comment",
      "content_type": 40,
      "codename": "add_comment"
    }
  },
  {
    "model": "auth.permission",
    "pk": 157,
    "fields": {
      "name": "Can change comment",
      "content_type": 40,
      "codename": "change_comment"
    }
  },
  {
    "model": "auth.permission",
    "pk": 158,
    "fields": {
      "name": "Can delete comment",
      "content_type": 40,
      "codename": "delete_comment"
    }
  },
  {
    "model": "auth.permission",
    "pk": 159,
    "fields": {
      "name": "Can view comment",
      "content_type": 40,
      "codename": "view_comment"
    }
  },
  {
    "model": "auth.permission",
    "pk": 160,
    "fields": {
      "name": "Can add comment reply",
      "content_type": 41,
      "codename": "add_commentreply"
    }
  },
  {
    "model": "auth.permission",
    "pk": 161,
    "fields": {
      "name": "Can change comment reply",
      "content_type": 41,
      "codename": "change_commentreply"
    }
  },
  {
    "model": "auth.permission",
    "pk": 162,
    "fields": {
      "name": "Can delete comment reply",
      "content_type": 41,
      "codename": "delete_commentreply"
    }
  },
  {
    "model": "auth.permission",
    "pk": 163,
    "fields": {
      "name": "Can view comment reply",
      "content_type": 41,
      "codename": "view_commentreply"
    }
  },
  {
    "model": "auth.permission",
    "pk": 164,
    "fields": {
      "name": "Can add page subscription",
      "content_type": 42,
      "codename": "add_pagesubscription"
    }
  },
  {
    "model": "auth.permission",
    "pk": 165,
    "fields": {
      "name": "Can change page subscription",
      "content_type": 42,
      "codename": "change_pagesubscription"
    }
  },
  {
    "model": "auth.permission",
    "pk": 166,
    "fields": {
      "name": "Can delete page subscription",
      "content_type": 42,
      "codename": "delete_pagesubscription"
    }
  },
  {
    "model": "auth.permission",
    "pk": 167,
    "fields": {
      "name": "Can view page subscription",
      "content_type": 42,
      "codename": "view_pagesubscription"
    }
  },
  {
    "model": "auth.permission",
    "pk": 168,
    "fields": {
      "name": "Can add model log entry",
      "content_type": 43,
      "codename": "add_modellogentry"
    }
  },
  {
    "model": "auth.permission",
    "pk": 169,
    "fields": {
      "name": "Can change model log entry",
      "content_type": 43,
      "codename": "change_modellogentry"
    }
  },
  {
    "model": "auth.permission",
    "pk": 170,
    "fields": {
      "name": "Can delete model log entry",
      "content_type": 43,
      "codename": "delete_modellogentry"
    }
  },
  {
    "model": "auth.permission",
    "pk": 171,
    "fields": {
      "name": "Can view model log entry",
      "content_type": 43,
      "codename": "view_modellogentry"
    }
  },
  {
    "model": "auth.permission",
    "pk": 172,
    "fields": {
      "name": "Can add tag",
      "content_type": 44,
      "codename": "add_tag"
    }
  },
  {
    "model": "auth.permission",
    "pk": 173,
    "fields": {
      "name": "Can change tag",
      "content_type": 44,
      "codename": "change_tag"
    }
  },
  {
    "model": "auth.permission",
    "pk": 174,
    "fields": {
      "name": "Can delete tag",
      "content_type": 44,
      "codename": "delete_tag"
    }
  },
  {
    "model": "auth.permission",
    "pk": 175,
    "fields": {
      "name": "Can view tag",
      "content_type": 44,
      "codename": "view_tag"
    }
  },
  {
    "model": "auth.permission",
    "pk": 176,
    "fields": {
      "name": "Can add tagged item",
      "content_type": 45,
      "codename": "add_taggeditem"
    }
  },
  {
    "model": "auth.permission",
    "pk": 177,
    "fields": {
      "name": "Can change tagged item",
      "content_type": 45,
      "codename": "change_taggeditem"
    }
  },
  {
    "model": "auth.permission",
    "pk": 178,
    "fields": {
      "name": "Can delete tagged item",
      "content_type": 45,
      "codename": "delete_taggeditem"
    }
  },
  {
    "model": "auth.permission",
    "pk": 179,
    "fields": {
      "name": "Can view tagged item",
      "content_type": 45,
      "codename": "view_taggeditem"
    }
  },
  {
    "model": "auth.permission",
    "pk": 180,
    "fields": {
      "name": "Can add blog page",
      "content_type": 46,
      "codename": "add_blogpage"
    }
  },
  {
    "model": "auth.permission",
    "pk": 181,
    "fields": {
      "name": "Can change blog page",
      "content_type": 46,
      "codename": "change_blogpage"
    }
  },
  {
    "model": "auth.permission",
    "pk": 182,
    "fields": {
      "name": "Can delete blog page",
      "content_type": 46,
      "codename": "delete_blogpage"
    }
  },
  {
    "model": "auth.permission",
    "pk": 183,
    "fields": {
      "name": "Can view blog page",
      "content_type": 46,
      "codename": "view_blogpage"
    }
  },
  {
    "model": "auth.permission",
    "pk": 184,
    "fields": {
      "name": "Can add contact page",
      "content_type": 47,
      "codename": "add_contactpage"
    }
  },
  {
    "model": "auth.permission",
    "pk": 185,
    "fields": {
      "name": "Can change contact page",
      "content_type": 47,
      "codename": "change_contactpage"
    }
  },
  {
    "model": "auth.permission",
    "pk": 186,
    "fields": {
      "name": "Can delete contact page",
      "content_type": 47,
      "codename": "delete_contactpage"
    }
  },
  {
    "model": "auth.permission",
    "pk": 187,
    "fields": {
      "name": "Can view contact page",
      "content_type": 47,
      "codename": "view_contactpage"
    }
  },
  {
    "model": "auth.permission",
    "pk": 188,
    "fields": {
      "name": "Can add index page",
      "content_type": 48,
      "codename": "add_indexpage"
    }
  },
  {
    "model": "auth.permission",
    "pk": 189,
    "fields": {
      "name": "Can change index page",
      "content_type": 48,
      "codename": "change_indexpage"
    }
  },
  {
    "model": "auth.permission",
    "pk": 190,
    "fields": {
      "name": "Can delete index page",
      "content_type": 48,
      "codename": "delete_indexpage"
    }
  },
  {
    "model": "auth.permission",
    "pk": 191,
    "fields": {
      "name": "Can view index page",
      "content_type": 48,
      "codename": "view_indexpage"
    }
  },
  {
    "model": "auth.permission",
    "pk": 192,
    "fields": {
      "name": "Can add contact",
      "content_type": 49,
      "codename": "add_contact"
    }
  },
  {
    "model": "auth.permission",
    "pk": 193,
    "fields": {
      "name": "Can change contact",
      "content_type": 49,
      "codename": "change_contact"
    }
  },
  {
    "model": "auth.permission",
    "pk": 194,
    "fields": {
      "name": "Can delete contact",
      "content_type": 49,
      "codename": "delete_contact"
    }
  },
  {
    "model": "auth.permission",
    "pk": 195,
    "fields": {
      "name": "Can view contact",
      "content_type": 49,
      "codename": "view_contact"
    }
  },
  {
    "model": "auth.permission",
    "pk": 196,
    "fields": {
      "name": "Can add author profile",
      "content_type": 50,
      "codename": "add_authorprofile"
    }
  },
  {
    "model": "auth.permission",
    "pk": 197,
    "fields": {
      "name": "Can change author profile",
      "content_type": 50,
      "codename": "change_authorprofile"
    }
  },
  {
    "model": "auth.permission",
    "pk": 198,
    "fields": {
      "name": "Can delete author profile",
      "content_type": 50,
      "codename": "delete_authorprofile"
    }
  },
  {
    "model": "auth.permission",
    "pk": 199,
    "fields": {
      "name": "Can view author profile",
      "content_type": 50,
      "codename": "view_authorprofile"
    }
  },
  {
    "model": "auth.permission",
    "pk": 200,
    "fields": {
      "name": "Can add site",
      "content_type": 51,
      "codename": "add_site"
    }
  },
  {
    "model": "auth.permission",
    "pk": 201,
    "fields": {
      "name": "Can change site",
      "content_type": 51,
      "codename": "change_site"
    }
  },
  {
    "model": "auth.permission",
    "pk": 202,
    "fields": {
      "name": "Can delete site",
      "content_type": 51,
      "codename": "delete_site"
    }
  },
  {
    "model": "auth.permission",
    "pk": 203,
    "fields": {
      "name": "Can view site",
      "content_type": 51,
      "codename": "view_site"
    }
  },
  {
    "model": "auth.permission",
    "pk": 204,
    "fields": {
      "name": "Can add email address",
      "content_type": 52,
      "codename": "add_emailaddress"
    }
  },
  {
    "model": "auth.permission",
    "pk": 205,
    "fields": {
      "name": "Can change email address",
      "content_type": 52,
      "codename": "change_emailaddress"
    }
  },
  {
    "model": "auth.permission",
    "pk": 206,
    "fields": {
      "name": "Can delete email address",
      "content_type": 52,
      "codename": "delete_emailaddress"
    }
  },
  {
    "model": "auth.permission",
    "pk": 207,
    "fields": {
      "name": "Can view email address",
      "content_type": 52,
      "codename": "view_emailaddress"
    }
  },
  {
    "model": "auth.permission",
    "pk": 208,
    "fields": {
      "name": "Can add email confirmation",
      "content_type": 53,
      "codename": "add_emailconfirmation"
    }
  },
  {
    "model": "auth.permission",
    "pk": 209,
    "fields": {
      "name": "Can change email confirmation",
      "content_type": 53,
      "codename": "change_emailconfirmation"
    }
  },
  {
    "model": "auth.permission",
    "pk": 210,
    "fields": {
      "name": "Can delete email confirmation",
      "content_type": 53,
      "codename": "delete_emailconfirmation"
    }
  },
  {
    "model": "auth.permission",
    "pk": 211,
    "fields": {
      "name": "Can view email confirmation",
      "content_type": 53,
      "codename": "view_emailconfirmation"
    }
  },
  {
    "model": "auth.permission",
    "pk": 212,
    "fields": {
      "name": "Can add social account",
      "content_type": 54,
      "codename": "add_socialaccount"
    }
  },
  {
    "model": "auth.permission",
    "pk": 213,
    "fields": {
      "name": "Can change social account",
      "content_type": 54,
      "codename": "change_socialaccount"
    }
  },
  {
    "model": "auth.permission",
    "pk": 214,
    "fields": {
      "name": "Can delete social account",
      "content_type": 54,
      "codename": "delete_socialaccount"
    }
  },
  {
    "model": "auth.permission",
    "pk": 215,
    "fields": {
      "name": "Can view social account",
      "content_type": 54,
      "codename": "view_socialaccount"
    }
  },
  {
    "model": "auth.permission",
    "pk": 216,
    "fields": {
      "name": "Can add social application",
      "content_type": 55,
      "codename": "add_socialapp"
    }
  },
  {
    "model": "auth.permission",
    "pk": 217,
    "fields": {
      "name": "Can change social application",
      "content_type": 55,
      "codename": "change_socialapp"
    }
  },
  {
    "model": "auth.permission",
    "pk": 218,
    "fields": {
      "name": "Can delete social application",
      "content_type": 55,
      "codename": "delete_socialapp"
    }
  },
  {
    "model": "auth.permission",
    "pk": 219,
    "fields": {
      "name": "Can view social application",
      "content_type": 55,
      "codename": "view_socialapp"
    }
  },
  {
    "model": "auth.permission",
    "pk": 220,
    "fields": {
      "name": "Can add social application token",
      "content_type": 56,
      "codename": "add_socialtoken"
    }
  },
  {
    "model": "auth.permission",
    "pk": 221,
    "fields": {
      "name": "Can change social application token",
      "content_type": 56,
      "codename": "change_socialtoken"
    }
  },
  {
    "model": "auth.permission",
    "pk": 222,
    "fields": {
      "name": "Can delete social application token",
      "content_type": 56,
      "codename": "delete_socialtoken"
    }
  },
  {
    "model": "auth.permission",
    "pk": 223,
    "fields": {
      "name": "Can view social application token",
      "content_type": 56,
      "codename": "view_socialtoken"
    }
  },
  {
    "model": "auth.group",
    "pk": 1,
    "fields": {
      "name": "Moderators",
      "permissions": [1, 2, 3, 5, 4, 6, 7, 9, 8]
    }
  },
  {
    "model": "auth.group",
    "pk": 2,
    "fields": { "name": "Editors", "permissions": [1, 2, 3, 5, 4, 6, 7, 9, 8] }
  },
  {
    "model": "auth.user",
    "pk": 1,
    "fields": {
      "password": "pbkdf2_sha256$260000$mE9WfdwlPFRzVElm5pzChw$qkPC2ArIwH65dI80gjUA2/7K0PEkf9SyRE3bu5Wc0/Y=",
      "last_login": "2021-12-17T08:55:49.378Z",
      "is_superuser": true,
      "username": "admin",
      "first_name": "",
      "last_name": "",
      "email": "admin@admin.sl",
      "is_staff": true,
      "is_active": true,
      "date_joined": "2021-12-14T08:42:25.039Z",
      "groups": [],
      "user_permissions": []
    }
  },
  {
    "model": "contenttypes.contenttype",
    "pk": 1,
    "fields": { "app_label": "wagtailcore", "model": "page" }
  },
  {
    "model": "contenttypes.contenttype",
    "pk": 2,
    "fields": { "app_label": "wagtailcore", "model": "groupapprovaltask" }
  },
  {
    "model": "contenttypes.contenttype",
    "pk": 3,
    "fields": { "app_label": "wagtailadmin", "model": "admin" }
  },
  {
    "model": "contenttypes.contenttype",
    "pk": 4,
    "fields": { "app_label": "wagtaildocs", "model": "document" }
  },
  {
    "model": "contenttypes.contenttype",
    "pk": 5,
    "fields": { "app_label": "wagtailimages", "model": "image" }
  },
  {
    "model": "contenttypes.contenttype",
    "pk": 6,
    "fields": { "app_label": "admin", "model": "logentry" }
  },
  {
    "model": "contenttypes.contenttype",
    "pk": 7,
    "fields": { "app_label": "auth", "model": "permission" }
  },
  {
    "model": "contenttypes.contenttype",
    "pk": 8,
    "fields": { "app_label": "auth", "model": "group" }
  },
  {
    "model": "contenttypes.contenttype",
    "pk": 9,
    "fields": { "app_label": "auth", "model": "user" }
  },
  {
    "model": "contenttypes.contenttype",
    "pk": 10,
    "fields": { "app_label": "contenttypes", "model": "contenttype" }
  },
  {
    "model": "contenttypes.contenttype",
    "pk": 11,
    "fields": { "app_label": "sessions", "model": "session" }
  },
  {
    "model": "contenttypes.contenttype",
    "pk": 12,
    "fields": { "app_label": "polls", "model": "question" }
  },
  {
    "model": "contenttypes.contenttype",
    "pk": 13,
    "fields": { "app_label": "polls", "model": "choice" }
  },
  {
    "model": "contenttypes.contenttype",
    "pk": 14,
    "fields": { "app_label": "wagtailforms", "model": "formsubmission" }
  },
  {
    "model": "contenttypes.contenttype",
    "pk": 15,
    "fields": { "app_label": "wagtailredirects", "model": "redirect" }
  },
  {
    "model": "contenttypes.contenttype",
    "pk": 16,
    "fields": { "app_label": "wagtailembeds", "model": "embed" }
  },
  {
    "model": "contenttypes.contenttype",
    "pk": 17,
    "fields": { "app_label": "wagtailusers", "model": "userprofile" }
  },
  {
    "model": "contenttypes.contenttype",
    "pk": 18,
    "fields": { "app_label": "wagtaildocs", "model": "uploadeddocument" }
  },
  {
    "model": "contenttypes.contenttype",
    "pk": 19,
    "fields": { "app_label": "wagtailimages", "model": "rendition" }
  },
  {
    "model": "contenttypes.contenttype",
    "pk": 20,
    "fields": { "app_label": "wagtailimages", "model": "uploadedimage" }
  },
  {
    "model": "contenttypes.contenttype",
    "pk": 21,
    "fields": { "app_label": "wagtailsearch", "model": "query" }
  },
  {
    "model": "contenttypes.contenttype",
    "pk": 22,
    "fields": { "app_label": "wagtailsearch", "model": "querydailyhits" }
  },
  {
    "model": "contenttypes.contenttype",
    "pk": 23,
    "fields": { "app_label": "wagtailsearch", "model": "indexentry" }
  },
  {
    "model": "contenttypes.contenttype",
    "pk": 24,
    "fields": { "app_label": "wagtailsearch", "model": "sqliteftsindexentry" }
  },
  {
    "model": "contenttypes.contenttype",
    "pk": 25,
    "fields": { "app_label": "wagtailcore", "model": "grouppagepermission" }
  },
  {
    "model": "contenttypes.contenttype",
    "pk": 26,
    "fields": { "app_label": "wagtailcore", "model": "pagerevision" }
  },
  {
    "model": "contenttypes.contenttype",
    "pk": 27,
    "fields": { "app_label": "wagtailcore", "model": "pageviewrestriction" }
  },
  {
    "model": "contenttypes.contenttype",
    "pk": 28,
    "fields": { "app_label": "wagtailcore", "model": "site" }
  },
  {
    "model": "contenttypes.contenttype",
    "pk": 29,
    "fields": { "app_label": "wagtailcore", "model": "collection" }
  },
  {
    "model": "contenttypes.contenttype",
    "pk": 30,
    "fields": {
      "app_label": "wagtailcore",
      "model": "groupcollectionpermission"
    }
  },
  {
    "model": "contenttypes.contenttype",
    "pk": 31,
    "fields": {
      "app_label": "wagtailcore",
      "model": "collectionviewrestriction"
    }
  },
  {
    "model": "contenttypes.contenttype",
    "pk": 32,
    "fields": { "app_label": "wagtailcore", "model": "task" }
  },
  {
    "model": "contenttypes.contenttype",
    "pk": 33,
    "fields": { "app_label": "wagtailcore", "model": "taskstate" }
  },
  {
    "model": "contenttypes.contenttype",
    "pk": 34,
    "fields": { "app_label": "wagtailcore", "model": "workflow" }
  },
  {
    "model": "contenttypes.contenttype",
    "pk": 35,
    "fields": { "app_label": "wagtailcore", "model": "workflowstate" }
  },
  {
    "model": "contenttypes.contenttype",
    "pk": 36,
    "fields": { "app_label": "wagtailcore", "model": "workflowpage" }
  },
  {
    "model": "contenttypes.contenttype",
    "pk": 37,
    "fields": { "app_label": "wagtailcore", "model": "workflowtask" }
  },
  {
    "model": "contenttypes.contenttype",
    "pk": 38,
    "fields": { "app_label": "wagtailcore", "model": "pagelogentry" }
  },
  {
    "model": "contenttypes.contenttype",
    "pk": 39,
    "fields": { "app_label": "wagtailcore", "model": "locale" }
  },
  {
    "model": "contenttypes.contenttype",
    "pk": 40,
    "fields": { "app_label": "wagtailcore", "model": "comment" }
  },
  {
    "model": "contenttypes.contenttype",
    "pk": 41,
    "fields": { "app_label": "wagtailcore", "model": "commentreply" }
  },
  {
    "model": "contenttypes.contenttype",
    "pk": 42,
    "fields": { "app_label": "wagtailcore", "model": "pagesubscription" }
  },
  {
    "model": "contenttypes.contenttype",
    "pk": 43,
    "fields": { "app_label": "wagtailcore", "model": "modellogentry" }
  },
  {
    "model": "contenttypes.contenttype",
    "pk": 44,
    "fields": { "app_label": "taggit", "model": "tag" }
  },
  {
    "model": "contenttypes.contenttype",
    "pk": 45,
    "fields": { "app_label": "taggit", "model": "taggeditem" }
  },
  {
    "model": "contenttypes.contenttype",
    "pk": 46,
    "fields": { "app_label": "pages", "model": "blogpage" }
  },
  {
    "model": "contenttypes.contenttype",
    "pk": 47,
    "fields": { "app_label": "pages", "model": "contactpage" }
  },
  {
    "model": "contenttypes.contenttype",
    "pk": 48,
    "fields": { "app_label": "pages", "model": "indexpage" }
  },
  {
    "model": "contenttypes.contenttype",
    "pk": 49,
    "fields": { "app_label": "pages", "model": "contact" }
  },
  {
    "model": "contenttypes.contenttype",
    "pk": 50,
    "fields": { "app_label": "pages", "model": "authorprofile" }
  },
  {
    "model": "contenttypes.contenttype",
    "pk": 51,
    "fields": { "app_label": "sites", "model": "site" }
  },
  {
    "model": "contenttypes.contenttype",
    "pk": 52,
    "fields": { "app_label": "account", "model": "emailaddress" }
  },
  {
    "model": "contenttypes.contenttype",
    "pk": 53,
    "fields": { "app_label": "account", "model": "emailconfirmation" }
  },
  {
    "model": "contenttypes.contenttype",
    "pk": 54,
    "fields": { "app_label": "socialaccount", "model": "socialaccount" }
  },
  {
    "model": "contenttypes.contenttype",
    "pk": 55,
    "fields": { "app_label": "socialaccount", "model": "socialapp" }
  },
  {
    "model": "contenttypes.contenttype",
    "pk": 56,
    "fields": { "app_label": "socialaccount", "model": "socialtoken" }
  },
  {
    "model": "sessions.session",
    "pk": "183yn6kjqrxdtww0dnzf8b82snirubl0",
    "fields": {
      "session_data": ".eJxVjDsOwyAQBe9CHSHzWQwp0_sMaIElOIlAMnYV5e6xJRdJ-2bmvZnHbS1-67T4ObErE-zyuwWMT6oHSA-s98Zjq-syB34o_KSdTy3R63a6fwcFe9lrsgQJLFJwwuicDdhB66yjNFKoMWl0CCoPZlTBoSEAtICYQO7M5cA-X-H1N-c:1my91p:2WCwgTH-asZD4fq7Vu-OWcLjHap-jjV2_XMRuIjqywo",
      "expire_date": "2021-12-31T08:55:49.382Z"
    }
  },
  {
    "model": "sessions.session",
    "pk": "n41pd0atlwd3qvqi5s6ibbbjly62tjca",
    "fields": {
      "session_data": ".eJxVjDsOwyAQBe9CHSHzWQwp0_sMaIElOIlAMnYV5e6xJRdJ-2bmvZnHbS1-67T4ObErE-zyuwWMT6oHSA-s98Zjq-syB34o_KSdTy3R63a6fwcFe9lrsgQJLFJwwuicDdhB66yjNFKoMWl0CCoPZlTBoSEAtICYQO7M5cA-X-H1N-c:1mx3OQ:KspdvCtG72aK4Sy3P__IXMdZCT3AGtVaRw0E8yA6gmA",
      "expire_date": "2021-12-28T08:42:38.090Z"
    }
  },
  {
    "model": "sites.site",
    "pk": 1,
    "fields": { "domain": "example.com", "name": "example.com" }
  },
  {
    "model": "wagtailusers.userprofile",
    "pk": 1,
    "fields": {
      "user": 1,
      "submitted_notifications": true,
      "approved_notifications": true,
      "rejected_notifications": true,
      "updated_comments_notifications": true,
      "preferred_language": "",
      "current_time_zone": "",
      "avatar": ""
    }
  },
  {
    "model": "wagtailimages.image",
    "pk": 1,
    "fields": {
      "collection": 1,
      "title": "wagtail test image",
      "file": "original_images/wagtail_test_image_vAK2ypD.gif",
      "width": 400,
      "height": 200,
      "created_at": "2021-12-14T09:36:12.060Z",
      "uploaded_by_user": null,
      "focal_point_x": null,
      "focal_point_y": null,
      "focal_point_width": null,
      "focal_point_height": null,
      "file_size": 163179,
      "file_hash": "703c9ad255c0dc75dece9586d3f77d8292c2017a"
    }
  },
  {
    "model": "wagtailimages.image",
    "pk": 2,
    "fields": {
      "collection": 1,
      "title": "wagtail test image 2",
      "file": "original_images/wagtail_test_image_2.gif",
      "width": 1024,
      "height": 576,
      "created_at": "2021-12-14T09:48:47.611Z",
      "uploaded_by_user": null,
      "focal_point_x": null,
      "focal_point_y": null,
      "focal_point_width": null,
      "focal_point_height": null,
      "file_size": 265515,
      "file_hash": "61d3a87cbc8b48ed4f378884e0ed0b041d3301df"
    }
  },
  {
    "model": "wagtailimages.image",
    "pk": 3,
    "fields": {
      "collection": 1,
      "title": "Website-Design-Background",
      "file": "original_images/Website-Design-Background.png",
      "width": 1920,
      "height": 1080,
      "created_at": "2021-12-17T12:51:00.963Z",
      "uploaded_by_user": null,
      "focal_point_x": null,
      "focal_point_y": null,
      "focal_point_width": null,
      "focal_point_height": null,
      "file_size": 1280448,
      "file_hash": "8e8d85c9f3bfe2a1cd60cfc67f461b07e9212466"
    }
  },
  {
    "model": "wagtailimages.image",
    "pk": 4,
    "fields": {
      "collection": 1,
      "title": "Blog 3",
      "file": "original_images/Blog_3.jpg",
      "width": 1920,
      "height": 1080,
      "created_at": "2022-01-05T09:09:29.076Z",
      "uploaded_by_user": null,
      "focal_point_x": null,
      "focal_point_y": null,
      "focal_point_width": null,
      "focal_point_height": null,
      "file_size": 259561,
      "file_hash": "cbc69f30ee689f627cd2b1917a18e37c704dff5b"
    }
  },
  {
    "model": "wagtailimages.rendition",
    "pk": 1,
    "fields": {
      "filter_spec": "max-165x165",
      "file": "images/Screenshot_2021-12-13_at_13.36.30.max-165x165.png",
      "width": 165,
      "height": 68,
      "focal_point_key": "",
      "image": 1
    }
  },
  {
    "model": "wagtailimages.rendition",
    "pk": 2,
    "fields": {
      "filter_spec": "original",
      "file": "images/Screenshot_2021-12-13_at_13.36.30.original.png",
      "width": 1336,
      "height": 552,
      "focal_point_key": "",
      "image": 1
    }
  },
  {
    "model": "wagtailimages.rendition",
    "pk": 3,
    "fields": {
      "filter_spec": "max-800x600",
      "file": "images/Screenshot_2021-12-13_at_13.36.30.max-800x600.png",
      "width": 800,
      "height": 330,
      "focal_point_key": "",
      "image": 1
    }
  },
  {
    "model": "wagtailimages.rendition",
    "pk": 4,
    "fields": {
      "filter_spec": "width-400",
      "file": "images/Screenshot_2021-12-13_at_13.36.30.width-400.png",
      "width": 400,
      "height": 165,
      "focal_point_key": "",
      "image": 1
    }
  },
  {
    "model": "wagtailimages.rendition",
    "pk": 5,
    "fields": {
      "filter_spec": "fill-400x200",
      "file": "images/Screenshot_2021-12-13_at_13.36.30.e8a2c90c.fill-400x200.png",
      "width": 400,
      "height": 200,
      "focal_point_key": "e8a2c90c",
      "image": 1
    }
  },
  {
    "model": "wagtailimages.rendition",
    "pk": 6,
    "fields": {
      "filter_spec": "fill-1200x600",
      "file": "images/Screenshot_2021-12-13_at_13.36.30.e8a2c90c.fill-1200x600.png",
      "width": 1104,
      "height": 552,
      "focal_point_key": "e8a2c90c",
      "image": 1
    }
  },
  {
    "model": "wagtailsearch.query",
    "pk": 1,
    "fields": { "query_string": "asda" }
  },
  {
    "model": "wagtailsearch.query",
    "pk": 2,
    "fields": { "query_string": "test" }
  },
  {
    "model": "wagtailsearch.query",
    "pk": 3,
    "fields": { "query_string": "asddas" }
  },
  {
    "model": "wagtailsearch.querydailyhits",
    "pk": 1,
    "fields": { "query": 1, "date": "2021-12-17", "hits": 1 }
  },
  {
    "model": "wagtailsearch.querydailyhits",
    "pk": 2,
    "fields": { "query": 2, "date": "2021-12-17", "hits": 7 }
  },
  {
    "model": "wagtailsearch.querydailyhits",
    "pk": 3,
    "fields": { "query": 3, "date": "2021-12-17", "hits": 1 }
  },
  {
    "model": "wagtailsearch.querydailyhits",
    "pk": 4,
    "fields": { "query": 2, "date": "2021-12-21", "hits": 1 }
  },
  {
    "model": "wagtailsearch.querydailyhits",
    "pk": 5,
    "fields": { "query": 2, "date": "2021-12-22", "hits": 1 }
  },
  {
    "model": "wagtailsearch.sqliteftsindexentry",
    "pk": 1,
    "fields": { "autocomplete": "Index", "title": "Index", "body": "" }
  },
  {
    "model": "wagtailsearch.sqliteftsindexentry",
    "pk": 2,
    "fields": {
      "autocomplete": "wagtail test image",
      "title": "wagtail test image",
      "body": ""
    }
  },
  {
    "model": "wagtailsearch.sqliteftsindexentry",
    "pk": 3,
    "fields": { "autocomplete": "Test", "title": "Test", "body": "" }
  },
  {
    "model": "wagtailsearch.sqliteftsindexentry",
    "pk": 5,
    "fields": { "autocomplete": "Root", "title": "Root", "body": "" }
  },
  {
    "model": "wagtailsearch.sqliteftsindexentry",
    "pk": 6,
    "fields": { "autocomplete": "Contact", "title": "Contact", "body": "" }
  },
  {
    "model": "wagtailsearch.sqliteftsindexentry",
    "pk": 7,
    "fields": {
      "autocomplete": "wagtail test image 2",
      "title": "wagtail test image 2",
      "body": ""
    }
  },
  {
    "model": "wagtailsearch.sqliteftsindexentry",
    "pk": 8,
    "fields": {
      "autocomplete": "Website-Design-Background",
      "title": "Website-Design-Background",
      "body": ""
    }
  },
  {
    "model": "wagtailsearch.sqliteftsindexentry",
    "pk": 9,
    "fields": { "autocomplete": "Blog 3", "title": "Blog 3", "body": "" }
  },
  {
    "model": "wagtailsearch.indexentry",
    "pk": 1,
    "fields": {
      "content_type": 48,
      "object_id": "3",
      "title_norm": 3.8,
      "autocomplete": "Index",
      "title": "Index",
      "body": ""
    }
  },
  {
    "model": "wagtailsearch.indexentry",
    "pk": 2,
    "fields": {
      "content_type": 5,
      "object_id": "1",
      "title_norm": 0.5757575757575758,
      "autocomplete": "wagtail test image",
      "title": "wagtail test image",
      "body": ""
    }
  },
  {
    "model": "wagtailsearch.indexentry",
    "pk": 3,
    "fields": {
      "content_type": 46,
      "object_id": "4",
      "title_norm": 3.5,
      "autocomplete": "Test",
      "title": "Test",
      "body": ""
    }
  },
  {
    "model": "wagtailsearch.indexentry",
    "pk": 5,
    "fields": {
      "content_type": 1,
      "object_id": "1",
      "title_norm": 2.5,
      "autocomplete": "Root",
      "title": "Root",
      "body": ""
    }
  },
  {
    "model": "wagtailsearch.indexentry",
    "pk": 6,
    "fields": {
      "content_type": 47,
      "object_id": "6",
      "title_norm": 1.5142857142857142,
      "autocomplete": "Contact",
      "title": "Contact",
      "body": ""
    }
  },
  {
    "model": "wagtailsearch.indexentry",
    "pk": 7,
    "fields": {
      "content_type": 5,
      "object_id": "2",
      "title_norm": 0.4833333333333333,
      "autocomplete": "wagtail test image 2",
      "title": "wagtail test image 2",
      "body": ""
    }
  },
  {
    "model": "wagtailsearch.indexentry",
    "pk": 8,
    "fields": {
      "content_type": 5,
      "object_id": "3",
      "title_norm": 0.4742857142857143,
      "autocomplete": "Website-Design-Background",
      "title": "Website-Design-Background",
      "body": ""
    }
  },
  {
    "model": "wagtailsearch.indexentry",
    "pk": 9,
    "fields": {
      "content_type": 5,
      "object_id": "4",
      "title_norm": 1.8541666666666667,
      "autocomplete": "Blog 3",
      "title": "Blog 3",
      "body": ""
    }
  },
  {
    "model": "wagtailcore.site",
    "pk": 1,
    "fields": {
      "hostname": "localhost",
      "port": 80,
      "site_name": "",
      "root_page": 3,
      "is_default_site": true
    }
  },
  {
    "model": "wagtailcore.modellogentry",
    "pk": 1,
    "fields": {
      "content_type": 28,
      "label": "localhost [default]",
      "action": "wagtail.edit",
      "data_json": "\"\"",
      "timestamp": "2021-12-14T08:43:21.664Z",
      "uuid": "b9c58311-b035-4407-bf47-477136e37c23",
      "user": 1,
      "content_changed": false,
      "deleted": false,
      "object_id": "1"
    }
  },
  {
    "model": "wagtailcore.collection",
    "pk": 1,
    "fields": { "path": "0001", "depth": 1, "numchild": 0, "name": "Root" }
  },
  {
    "model": "wagtailcore.groupcollectionpermission",
    "pk": 1,
    "fields": { "group": 2, "collection": 1, "permission": 2 }
  },
  {
    "model": "wagtailcore.groupcollectionpermission",
    "pk": 2,
    "fields": { "group": 1, "collection": 1, "permission": 2 }
  },
  {
    "model": "wagtailcore.groupcollectionpermission",
    "pk": 3,
    "fields": { "group": 2, "collection": 1, "permission": 3 }
  },
  {
    "model": "wagtailcore.groupcollectionpermission",
    "pk": 4,
    "fields": { "group": 1, "collection": 1, "permission": 3 }
  },
  {
    "model": "wagtailcore.groupcollectionpermission",
    "pk": 5,
    "fields": { "group": 2, "collection": 1, "permission": 5 }
  },
  {
    "model": "wagtailcore.groupcollectionpermission",
    "pk": 6,
    "fields": { "group": 1, "collection": 1, "permission": 5 }
  },
  {
    "model": "wagtailcore.groupcollectionpermission",
    "pk": 7,
    "fields": { "group": 2, "collection": 1, "permission": 6 }
  },
  {
    "model": "wagtailcore.groupcollectionpermission",
    "pk": 8,
    "fields": { "group": 1, "collection": 1, "permission": 6 }
  },
  {
    "model": "wagtailcore.groupcollectionpermission",
    "pk": 9,
    "fields": { "group": 2, "collection": 1, "permission": 7 }
  },
  {
    "model": "wagtailcore.groupcollectionpermission",
    "pk": 10,
    "fields": { "group": 1, "collection": 1, "permission": 7 }
  },
  {
    "model": "wagtailcore.groupcollectionpermission",
    "pk": 11,
    "fields": { "group": 2, "collection": 1, "permission": 9 }
  },
  {
    "model": "wagtailcore.groupcollectionpermission",
    "pk": 12,
    "fields": { "group": 1, "collection": 1, "permission": 9 }
  },
  {
    "model": "wagtailcore.locale",
    "pk": 1,
    "fields": { "language_code": "en" }
  },
  {
    "model": "wagtailcore.page",
    "pk": 1,
    "fields": {
      "path": "0001",
      "depth": 1,
      "numchild": 2,
      "translation_key": "f7d2eeb1-fef0-411e-80e3-6457ab943872",
      "locale": 1,
      "title": "Root",
      "draft_title": "Root",
      "slug": "root",
      "content_type": 1,
      "live": true,
      "has_unpublished_changes": false,
      "url_path": "/",
      "owner": null,
      "seo_title": "",
      "show_in_menus": false,
      "search_description": "",
      "go_live_at": null,
      "expire_at": null,
      "expired": false,
      "locked": false,
      "locked_at": null,
      "locked_by": null,
      "first_published_at": null,
      "last_published_at": null,
      "latest_revision_created_at": null,
      "live_revision": null,
      "alias_of": null
    }
  },
  {
    "model": "wagtailcore.page",
    "pk": 2,
    "fields": {
      "path": "00010001",
      "depth": 2,
      "numchild": 0,
      "translation_key": "e2e65c54-58f0-4cb7-be6d-eb959e662833",
      "locale": 1,
      "title": "Welcome to your new Wagtail site!",
      "draft_title": "Welcome to your new Wagtail site!",
      "slug": "home",
      "content_type": 1,
      "live": true,
      "has_unpublished_changes": false,
      "url_path": "/home/",
      "owner": null,
      "seo_title": "",
      "show_in_menus": false,
      "search_description": "",
      "go_live_at": null,
      "expire_at": null,
      "expired": false,
      "locked": false,
      "locked_at": null,
      "locked_by": null,
      "first_published_at": null,
      "last_published_at": null,
      "latest_revision_created_at": null,
      "live_revision": null,
      "alias_of": null
    }
  },
  {
    "model": "wagtailcore.page",
    "pk": 3,
    "fields": {
      "path": "00010002",
      "depth": 2,
      "numchild": 2,
      "translation_key": "2d41b59d-95ae-401b-b562-2e21b264ab78",
      "locale": 1,
      "title": "Index",
      "draft_title": "Index",
      "slug": "index",
      "content_type": 48,
      "live": true,
      "has_unpublished_changes": false,
      "url_path": "/index/",
      "owner": 1,
      "seo_title": "",
      "show_in_menus": false,
      "search_description": "",
      "go_live_at": null,
      "expire_at": null,
      "expired": false,
      "locked": false,
      "locked_at": null,
      "locked_by": null,
      "first_published_at": "2021-12-14T08:43:00.404Z",
      "last_published_at": "2021-12-14T08:43:00.404Z",
      "latest_revision_created_at": "2021-12-14T08:43:00.380Z",
      "live_revision": 1,
      "alias_of": null
    }
  },
  {
    "model": "wagtailcore.page",
    "pk": 4,
    "fields": {
      "path": "000100020001",
      "depth": 3,
      "numchild": 0,
      "translation_key": "1cf0ce78-896e-42a0-9a15-1c18ff796c3b",
      "locale": 1,
      "title": "Test",
      "draft_title": "Test",
      "slug": "test",
      "content_type": 46,
      "live": true,
      "has_unpublished_changes": false,
      "url_path": "/index/test/",
      "owner": 1,
      "seo_title": "",
      "show_in_menus": false,
      "search_description": "",
      "go_live_at": null,
      "expire_at": null,
      "expired": false,
      "locked": false,
      "locked_at": null,
      "locked_by": null,
      "first_published_at": "2021-12-14T08:45:44.604Z",
      "last_published_at": "2021-12-14T09:11:52.970Z",
      "latest_revision_created_at": "2021-12-14T09:11:52.910Z",
      "live_revision": 3,
      "alias_of": null
    }
  },
  {
    "model": "wagtailcore.page",
    "pk": 6,
    "fields": {
      "path": "000100020002",
      "depth": 3,
      "numchild": 0,
      "translation_key": "13f934cd-295f-4399-ad5b-ea841a0d7f3b",
      "locale": 1,
      "title": "Contact",
      "draft_title": "Contact",
      "slug": "contact",
      "content_type": 47,
      "live": true,
      "has_unpublished_changes": false,
      "url_path": "/index/contact/",
      "owner": 1,
      "seo_title": "",
      "show_in_menus": false,
      "search_description": "",
      "go_live_at": null,
      "expire_at": null,
      "expired": false,
      "locked": false,
      "locked_at": null,
      "locked_by": null,
      "first_published_at": "2021-12-17T08:56:52.375Z",
      "last_published_at": "2021-12-17T08:56:52.375Z",
      "latest_revision_created_at": "2021-12-17T08:56:52.353Z",
      "live_revision": 5,
      "alias_of": null
    }
  },
  {
    "model": "wagtailcore.pagerevision",
    "pk": 1,
    "fields": {
      "page": 3,
      "submitted_for_moderation": false,
      "created_at": "2021-12-14T08:43:00.380Z",
      "user": 1,
      "content_json": "{\"pk\": 3, \"path\": \"00010002\", \"depth\": 2, \"numchild\": 0, \"translation_key\": \"2d41b59d-95ae-401b-b562-2e21b264ab78\", \"locale\": 1, \"title\": \"Index\", \"draft_title\": \"Index\", \"slug\": \"index\", \"content_type\": 48, \"live\": true, \"has_unpublished_changes\": false, \"url_path\": \"/index/\", \"owner\": 1, \"seo_title\": \"\", \"show_in_menus\": false, \"search_description\": \"\", \"go_live_at\": null, \"expire_at\": null, \"expired\": false, \"locked\": false, \"locked_at\": null, \"locked_by\": null, \"first_published_at\": null, \"last_published_at\": null, \"latest_revision_created_at\": null, \"live_revision\": null, \"alias_of\": null, \"body\": \"<p data-block-key=\\\"s89cz\\\">Index</p>\", \"wagtail_admin_comments\": []}",
      "approved_go_live_at": null
    }
  },
  {
    "model": "wagtailcore.pagerevision",
    "pk": 2,
    "fields": {
      "page": 4,
      "submitted_for_moderation": false,
      "created_at": "2021-12-14T08:45:44.584Z",
      "user": 1,
      "content_json": "{\"pk\": 4, \"path\": \"000100020001\", \"depth\": 3, \"numchild\": 0, \"translation_key\": \"1cf0ce78-896e-42a0-9a15-1c18ff796c3b\", \"locale\": 1, \"title\": \"Test\", \"draft_title\": \"Test\", \"slug\": \"test\", \"content_type\": 46, \"live\": true, \"has_unpublished_changes\": false, \"url_path\": \"/index/test/\", \"owner\": 1, \"seo_title\": \"\", \"show_in_menus\": false, \"search_description\": \"\", \"go_live_at\": null, \"expire_at\": null, \"expired\": false, \"locked\": false, \"locked_at\": null, \"locked_by\": null, \"first_published_at\": null, \"last_published_at\": null, \"latest_revision_created_at\": null, \"live_revision\": null, \"alias_of\": null, \"image\": \"Screenshot_2021-12-14_at_09.44.41.png\", \"text\": \"[{\\\"type\\\": \\\"heading\\\", \\\"value\\\": \\\"Toto je test\\\", \\\"id\\\": \\\"3957c30c-9e17-4663-85c0-1cd05933855f\\\"}, {\\\"type\\\": \\\"paragraph\\\", \\\"value\\\": \\\"<p data-block-key=\\\\\\\"qv144\\\\\\\">Paragraf</p>\\\", \\\"id\\\": \\\"c0af5bac-1d40-489b-b83d-623f88d9b697\\\"}, {\\\"type\\\": \\\"image\\\", \\\"value\\\": 1, \\\"id\\\": \\\"09153e01-85e0-4e52-ab55-764b23e69f0d\\\"}]\", \"wagtail_admin_comments\": []}",
      "approved_go_live_at": null
    }
  },
  {
    "model": "wagtailcore.pagerevision",
    "pk": 3,
    "fields": {
      "page": 4,
      "submitted_for_moderation": false,
      "created_at": "2021-12-14T09:11:52.910Z",
      "user": 1,
      "content_json": "{\"pk\": 4, \"path\": \"000100020001\", \"depth\": 3, \"numchild\": 0, \"translation_key\": \"1cf0ce78-896e-42a0-9a15-1c18ff796c3b\", \"locale\": 1, \"title\": \"Test\", \"draft_title\": \"Test\", \"slug\": \"test\", \"content_type\": 46, \"live\": true, \"has_unpublished_changes\": false, \"url_path\": \"/index/test/\", \"owner\": 1, \"seo_title\": \"\", \"show_in_menus\": false, \"search_description\": \"\", \"go_live_at\": null, \"expire_at\": null, \"expired\": false, \"locked\": false, \"locked_at\": null, \"locked_by\": null, \"first_published_at\": \"2021-12-14T08:45:44.604Z\", \"last_published_at\": \"2021-12-14T08:45:44.604Z\", \"latest_revision_created_at\": \"2021-12-14T08:45:44.584Z\", \"live_revision\": 2, \"alias_of\": null, \"main_image\": 1, \"text\": \"[{\\\"type\\\": \\\"heading\\\", \\\"value\\\": \\\"Toto je test\\\", \\\"id\\\": \\\"3957c30c-9e17-4663-85c0-1cd05933855f\\\"}, {\\\"type\\\": \\\"paragraph\\\", \\\"value\\\": \\\"<p data-block-key=\\\\\\\"qv144\\\\\\\">Paragraf</p>\\\", \\\"id\\\": \\\"c0af5bac-1d40-489b-b83d-623f88d9b697\\\"}, {\\\"type\\\": \\\"image\\\", \\\"value\\\": 1, \\\"id\\\": \\\"09153e01-85e0-4e52-ab55-764b23e69f0d\\\"}]\", \"wagtail_admin_comments\": []}",
      "approved_go_live_at": null
    }
  },
  {
    "model": "wagtailcore.pagerevision",
    "pk": 5,
    "fields": {
      "page": 6,
      "submitted_for_moderation": false,
      "created_at": "2021-12-17T08:56:52.353Z",
      "user": 1,
      "content_json": "{\"pk\": 6, \"path\": \"000100020002\", \"depth\": 3, \"numchild\": 0, \"translation_key\": \"13f934cd-295f-4399-ad5b-ea841a0d7f3b\", \"locale\": 1, \"title\": \"Contact\", \"draft_title\": \"Contact\", \"slug\": \"contact\", \"content_type\": 47, \"live\": true, \"has_unpublished_changes\": false, \"url_path\": \"/index/contact/\", \"owner\": 1, \"seo_title\": \"\", \"show_in_menus\": false, \"search_description\": \"\", \"go_live_at\": null, \"expire_at\": null, \"expired\": false, \"locked\": false, \"locked_at\": null, \"locked_by\": null, \"first_published_at\": null, \"last_published_at\": null, \"latest_revision_created_at\": null, \"live_revision\": null, \"alias_of\": null, \"wagtail_admin_comments\": []}",
      "approved_go_live_at": null
    }
  },
  {
    "model": "wagtailcore.grouppagepermission",
    "pk": 1,
    "fields": { "group": 1, "page": 1, "permission_type": "add" }
  },
  {
    "model": "wagtailcore.grouppagepermission",
    "pk": 2,
    "fields": { "group": 1, "page": 1, "permission_type": "edit" }
  },
  {
    "model": "wagtailcore.grouppagepermission",
    "pk": 3,
    "fields": { "group": 1, "page": 1, "permission_type": "publish" }
  },
  {
    "model": "wagtailcore.grouppagepermission",
    "pk": 4,
    "fields": { "group": 2, "page": 1, "permission_type": "add" }
  },
  {
    "model": "wagtailcore.grouppagepermission",
    "pk": 5,
    "fields": { "group": 2, "page": 1, "permission_type": "edit" }
  },
  {
    "model": "wagtailcore.grouppagepermission",
    "pk": 6,
    "fields": { "group": 1, "page": 1, "permission_type": "lock" }
  },
  {
    "model": "wagtailcore.grouppagepermission",
    "pk": 7,
    "fields": { "group": 1, "page": 1, "permission_type": "unlock" }
  },
  { "model": "wagtailcore.workflowpage", "pk": 1, "fields": { "workflow": 1 } },
  {
    "model": "wagtailcore.workflowtask",
    "pk": 1,
    "fields": { "sort_order": 0, "workflow": 1, "task": 1 }
  },
  {
    "model": "wagtailcore.task",
    "pk": 1,
    "fields": {
      "name": "Moderators approval",
      "content_type": 2,
      "active": true
    }
  },
  {
    "model": "wagtailcore.workflow",
    "pk": 1,
    "fields": { "name": "Moderators approval", "active": true }
  },
  {
    "model": "wagtailcore.groupapprovaltask",
    "pk": 1,
    "fields": { "groups": [1] }
  },
  {
    "model": "wagtailcore.pagelogentry",
    "pk": 1,
    "fields": {
      "content_type": 48,
      "label": "Index",
      "action": "wagtail.create",
      "data_json": "\"\"",
      "timestamp": "2021-12-14T08:43:00.374Z",
      "uuid": "2fd3549e-e3a2-4a35-9b0e-423f2e0747b3",
      "user": 1,
      "content_changed": true,
      "deleted": false,
      "page": 3,
      "revision": null
    }
  },
  {
    "model": "wagtailcore.pagelogentry",
    "pk": 2,
    "fields": {
      "content_type": 48,
      "label": "Index",
      "action": "wagtail.publish",
      "data_json": "null",
      "timestamp": "2021-12-14T08:43:00.429Z",
      "uuid": "2fd3549e-e3a2-4a35-9b0e-423f2e0747b3",
      "user": 1,
      "content_changed": true,
      "deleted": false,
      "page": 3,
      "revision": 1
    }
  },
  {
    "model": "wagtailcore.pagelogentry",
    "pk": 3,
    "fields": {
      "content_type": 46,
      "label": "Test",
      "action": "wagtail.create",
      "data_json": "\"\"",
      "timestamp": "2021-12-14T08:45:44.565Z",
      "uuid": "b81d69cf-df5b-45da-abde-3611b55fa18e",
      "user": 1,
      "content_changed": true,
      "deleted": false,
      "page": 4,
      "revision": null
    }
  },
  {
    "model": "wagtailcore.pagelogentry",
    "pk": 4,
    "fields": {
      "content_type": 46,
      "label": "Test",
      "action": "wagtail.publish",
      "data_json": "null",
      "timestamp": "2021-12-14T08:45:44.620Z",
      "uuid": "b81d69cf-df5b-45da-abde-3611b55fa18e",
      "user": 1,
      "content_changed": true,
      "deleted": false,
      "page": 4,
      "revision": 2
    }
  },
  {
    "model": "wagtailcore.pagelogentry",
    "pk": 5,
    "fields": {
      "content_type": 46,
      "label": "Test",
      "action": "wagtail.edit",
      "data_json": "\"\"",
      "timestamp": "2021-12-14T09:11:52.956Z",
      "uuid": "11200de5-9e37-4816-93e3-c251ae2c1dd5",
      "user": 1,
      "content_changed": true,
      "deleted": false,
      "page": 4,
      "revision": 3
    }
  },
  {
    "model": "wagtailcore.pagelogentry",
    "pk": 6,
    "fields": {
      "content_type": 46,
      "label": "Test",
      "action": "wagtail.publish",
      "data_json": "null",
      "timestamp": "2021-12-14T09:11:52.988Z",
      "uuid": "11200de5-9e37-4816-93e3-c251ae2c1dd5",
      "user": 1,
      "content_changed": true,
      "deleted": false,
      "page": 4,
      "revision": 3
    }
  },
  {
    "model": "wagtailcore.pagelogentry",
    "pk": 7,
    "fields": {
      "content_type": 47,
      "label": "Test",
      "action": "wagtail.create",
      "data_json": "\"\"",
      "timestamp": "2021-12-17T08:56:15.975Z",
      "uuid": "3d723d25-41bc-49a8-9707-38b2a28525cf",
      "user": 1,
      "content_changed": true,
      "deleted": false,
      "page": 5,
      "revision": null
    }
  },
  {
    "model": "wagtailcore.pagelogentry",
    "pk": 8,
    "fields": {
      "content_type": 47,
      "label": "Test",
      "action": "wagtail.publish",
      "data_json": "null",
      "timestamp": "2021-12-17T08:56:16.039Z",
      "uuid": "3d723d25-41bc-49a8-9707-38b2a28525cf",
      "user": 1,
      "content_changed": true,
      "deleted": false,
      "page": 5,
      "revision": 4
    }
  },
  {
    "model": "wagtailcore.pagelogentry",
    "pk": 9,
    "fields": {
      "content_type": 47,
      "label": "Test",
      "action": "wagtail.delete",
      "data_json": "\"\"",
      "timestamp": "2021-12-17T08:56:37.402Z",
      "uuid": "bbc260a1-f471-483d-b760-b2ab4a9c3cd8",
      "user": 1,
      "content_changed": false,
      "deleted": true,
      "page": 5,
      "revision": null
    }
  },
  {
    "model": "wagtailcore.pagelogentry",
    "pk": 10,
    "fields": {
      "content_type": 47,
      "label": "Contact",
      "action": "wagtail.create",
      "data_json": "\"\"",
      "timestamp": "2021-12-17T08:56:52.344Z",
      "uuid": "6c8ae432-ccad-4839-b6d3-f02bd338ddcb",
      "user": 1,
      "content_changed": true,
      "deleted": false,
      "page": 6,
      "revision": null
    }
  },
  {
    "model": "wagtailcore.pagelogentry",
    "pk": 11,
    "fields": {
      "content_type": 47,
      "label": "Contact",
      "action": "wagtail.publish",
      "data_json": "null",
      "timestamp": "2021-12-17T08:56:52.399Z",
      "uuid": "6c8ae432-ccad-4839-b6d3-f02bd338ddcb",
      "user": 1,
      "content_changed": true,
      "deleted": false,
      "page": 6,
      "revision": 5
    }
  },
  {
    "model": "wagtailcore.pagesubscription",
    "pk": 1,
    "fields": { "user": 1, "page": 3, "comment_notifications": true }
  },
  {
    "model": "wagtailcore.pagesubscription",
    "pk": 2,
    "fields": { "user": 1, "page": 4, "comment_notifications": true }
  },
  {
    "model": "wagtailcore.pagesubscription",
    "pk": 4,
    "fields": { "user": 1, "page": 6, "comment_notifications": true }
  }
]
